{
    "loss": 1.3646519184112549,
    "accuracy": 0.9396551847457886
}